user_id,handle
905874659358453760,10_gop
2528776985,1488reasons
2535564756,1D_Nicole_
79793901,1DRussianFNDM
1860330774,1Erik_Lee
838742761515991041,1lorenafava1
2537164155,2lauragibson
823484279787294720,2ndHalfOnion
80712878,2oliverbaker
80723578,30ToMarsFandom
3644473036,459Jisalge
2261091126,4claireevans
748870305280647168,4ever1937
4036537452,4MySquad
713665792550645760,666steverogers
2534875924,6Druz
3936735149,71bilaljamil1
2533199949,756shawn
2619792207,___Judith___D_
2556610923,___S0phia___
2595466901,__alshaw
2544663209,_Amy_Mccann_
2753352910,_AnnaSwanson
2540856370,_Becker_Gerald
2426927403,_beglov
2559290935,_Ben_Santos
2498964074,_Billy_Moyer_
2586365248,_Edward_Connor_
2644685369,_Gabriel_Pope_
2592814610,_GeorgeSchultz_
2449237434,_GregorVan
2622070817,_Howard_Good_
2611586129,_j_Rogers_
2631166899,_Kim_Swanson_
2426482913,_king_jester_
2579342573,_Leo_Kelly_
2630313736,_Leo_Travis_
2600485541,_Lukas_Briggs_
2238563846,_Mark__B
2744292785,_Meredith_Mo_
799634825363734528,_Muslimericans
1649967228,_NickLuna_
895257961387446272,_Oleg_Eremeev
3085183996,_RonBen
1649484187,_Ruby_Wills_
2478383999,_SashaLapin
2573798519,_SherylGilbert
1673956951,_SolomonAlbert_
2495891958,_TraceyJohnson_
3093873665,_your_lifestyle
2525317881,A_Burnett_
2540502044,AAAsssssHHH
1709314117,aantiracist
831266851376214016,Aaron_M1tchell
1651191403,AaronAllenAll
2498762833,abbasshukri
889229809838063616,abbylopTrT
2540918431,AbdulHamidRid
2534421182,abigailssilk
893352343277887488,abiissrosb
888605542545076224,abisadmassT
889750450882453504,abmerrlins
1675561518,AbramsRebekah
2501943535,Abu_Ubaida2
4104541313,ACAB_ZONE
894839911597191168,ACaparella
1652138929,acejinev
844447543354425344,AchsahOrkhan
1706757804,activemikr
889232702880264196,adalesTrTM
2534383292,Adam_carme
2254241604,adam_im_adam
3083524107,Adam_Mathisss
1670762347,AdamChapmanJR
2501675968,adampulver
1704035413,Addie_Hol
2584490422,adele_dyer
888608925884534784,AdeliinesTrT
2540926873,Adeline_Gs
888610432264663040,adelisTrTT
889235931479384064,adleestTT
888606986929139712,adleeswod
893370639309996032,adnnelstr
1660186831,AdrGreerr
1654782062,Adri_Low_r
3075892603,AdrianaMfttt
893362647147700224,adriasnss
1657833811,Adrienne_GG
2753570739,adryanrosese
1647263978,AEsparzza
891183122305486848,afeeliutr
4724876177,AfifyAmira1
2592433387,AgafonMe
2526297190,AgitPolk
2743391752,agnesgrhm
889237455056056321,agnesmltrT
888612540749623297,agnessTrYT
4644173424,Ahmad_Ibrahim_
3092331639,ahmedSyrii
1740465132,AHogan_Am
2570250275,Aiden7757
80694718,Airon_AironBut
2786982896,Akishindepomine
2532900464,AlanFiddymont
893391276942426112,alanisstrs
893396485555048448,alaxxaTR
888628331150802944,alaxxaTrT
888617649625759744,albelitaTrTs
1683415466,Alberta_Hayness
3082043421,AlbertMoreNMore
3083086600,Aldrich420
1652987412,AlecMooooody
889764716582764544,aleesaTrs
1690488360,AleksAnisimof
2530603456,Aleksey_Sokol_
889238649606475777,alemichless
888625862865821696,alesisTrTT
2617704040,AlessandraPalm_
889582625056337923,AlessiaWillson
2404479371,Alex___Ant
2603914378,AlexaLeighMar
845669793378287616,AlexandrineLor2
2583978190,AlexaPriceeee
2531596635,AlexBoronin
2586506586,AlexHarritonov
1946270886,AlexisCooller
1552175815,AlexisFoxie
1699424065,AlexLovesShenna
4438808536,Alexmmyer
2180504899,alexstewart64
2559217373,AlexsVladimirov
888787352528801793,alexxaaaTr
893397699579576321,AlexxdrtrR
2543369139,AlfJonesss
3075819390,AlfNewDay
3083923623,AlfredBenBen
2570636705,AlfredThree
3088961943,ali_alfaruq1
2575206575,aligibson_
891202510660259840,aliistrr
2388865209,AlinaAntonchik
1907546360,AlisonCarroll_
1914567318,alisonon1
1648717616,AlizasShield
893392468502355968,allberrtOss
2582147596,alliealbie
2523617087,allison_nellson
2208185797,alonwertheimer4
3075888895,AltmanBelinda
1694331349,Alva_Mc_ghee
2487536839,AlW_iLL
2882130846,AlwaysHungryBae
1677511772,AlyssaBedolla
888820525455290369,alyyscaTrt
2751939069,Am__Scott
3074433752,amalia_petty
3072888643,AmaliaHulick
2533115443,amamcamcam
2492076180,AmandaBrisland
2631723557,AmandaLobel
2616344667,AmandaVGreen
2493120378,AmasingAmanda
888614404002021378,ambaasTrT
888557448231038976,ambberthTT
867722679213797376,AmberDavv
890429331373043712,amberlinetr
894787222964101120,amberrPaR
2542133720,AmelCreech
2241522738,amelia_nash
2675619075,AmeliaSteson
1679279490,AmelieBaldwin
894789471203336193,AmelinaasTR
894792229809561600,amiistrs
1656919058,AmiraFerrr
1875143624,AmirahPope
4492287077,AmiricanWill
1664838877,AmiyahSamuels
889256266526318593,AmleeesisT
2611247260,AmnRobin
2619629021,AmyMusicLL
894794223207161856,amyyslegentr
888654465871622144,amyyssTs
888590145959714817,amyysTrT
889762342967365632,amyythossma
2753138535,amyyyyyyyw
1672104320,An_n_gaston
1649897624,an_na__an
894801330912546817,AnaaisLEC
894798854717140992,anaaleSSIs
888822214577061889,anaassTr
2252046530,AnastassiaZZ
894803228520534017,AnastassiTR
894805867853488128,ancarictrS
894808551574695937,andeerLWr
2246396671,AndersonLisy
2573356007,andeynesterov
870647274833145857,AndiosmarrTrump
2241020652,Andrea_Day_
2533861273,AndreaMacchaell
750675374619627520,AndreasEulitz
2537219464,AndreBakin
837602096098627584,andrebeauleger
2614742415,AndrewHeddd
34976398,andrey_lischina
3081457899,andreyykondrat1
894810803190288385,AndrisnaBRT
894812412028874752,AndrreetrT
2530734993,AndruninVanya
2525606217,Andry_Volk
2438295647,AndryNaumov
843371621343617025,andsbxx30
2234468106,Andy_Puchinskyi
888660798045925376,aneelssTrT
3085184104,AnFraizer
1653974156,ang__bowers
894823022317752320,angeelisHET
894815179208368128,angeelistr
752824695452491780,angela_lattke
80795044,Angela_Moore66
752890677374152708,angelabach991
894820555421089793,angelistRR
894818045134331904,angeliTHss
894824964431515648,AngisDOOyl
894858528174878721,AngtheesTR
894845726840283136,aniiAntrs
894831603775488000,anisaCrrutr
894835103225880576,AnisiLOpe
894827651289931776,anissNovotr
3359591969,anitabr1994
889257753168023552,anlesMorks
1649593796,Ann_HanAh
2427589882,anna_rrosee
894837607061831681,AnnamIngT
838682742229504001,AnnaRoman0
2715766725,annemarie_farle
2620290857,AnnieBrewer_
4491587915,AnniEisbear
894843778544132096,annijonstr
1688276298,AnnMorgan_123
1965234019,AnnRussela
2260431835,Anny_Gorda
1850911106,AnthonyCanlass
1647145754,anthonycartr
1724391738,AnthonyWoodboy
1677582914,AntieHarmon
1652262638,AntonHayHay
1963417255,AntoninaPervay
2790253993,Antonovmenmenco
894860350989979649,antonrumss
87588938,anzgri
888534962122752000,apriildTruT
2577818283,aprilwatss
894862126862479361,AprrilsBruss
891230914629521408,arabmtr
891225084635090945,aragartrr
2627660745,ArchArchArchR
1686370159,ArchieOlivers
894873426577551360,ariaanst
2258262858,Arianarianaa
2233928286,ArianaRianaaa
894868166756769792,arieensLpe
2620631626,Arielle_Brownin
2255880714,ariellelawror
1527687456,ArielShining
2508202748,AriRasmussen_
894870422818357248,arisgrays
2582643409,arkadii_trofim
2427165737,ArkadShihkin
2790352525,Arkhipovtioveof
1671936266,Arm_2_Alan
4234360936,ArmedFrejya
2574167805,ArnieEvans
1580700565,arnoldparrk
2429465939,Arseni_Roman
3121136128,artem_polishhuk
895011564591263744,artemssFE
2574417039,ArthClaudia
2579499195,ArthurStevens_
2570247131,ArtKorchunov
2233297178,ArturBuranof
1696435466,AryannaJ0nes
4643276953,AsdiqaRussiya
1650709597,ashleecollinss
895220436581191681,AshleeYWEs
2256737672,Ashley1_Davis
1530027038,Ashley_Kri
2452837277,Ashley_Thornee
2613704956,ashleybrook76
1936655772,ashleylevit92
1649367912,ashleysimpsn
2277695790,Ashton_Bb
895224264424648704,aswwimMOrris
2542800249,AthenaHar_
2944766250,Atlanta_Online
2574002009,au_norton
888816636760870912,aubrreesT
889259291861037058,auromorrTrT
895227796661915648,AurrlisTR
2726173564,AuSStin47
1711355100,Austen_Staff
2497991305,AustinLovesBeer
888802292937486338,auturssTrT
888633415146364928,AveerTesT
3085659669,AveregeAnna
2570592640,Avery_Bloom
2581834864,aviapres
866294178233241600,AvrylStewart
1583418072,ayanna__0
1646337218,AydenBoston
1853237588,AyishaGibson
2629518093,Ayla_Newman
895231612757176320,Ayleensclar
3092324567,aziiz_hadith
895235638558982144,AzuuMarSS
888657623368773634,baailst
3072103795,BaconTonia
4644253788,Badr_Earabi
3088005455,badr_mansur
3090485626,BakingBekker
2236383523,balasikavow
1692920365,BallllWalt
3071479646,Baltimore0nline
889260662005915649,bambisMuT
895238811982020609,BAmmbjoltr
905928368599711744,bangbangbang131
2537243471,BanttaNantta
1658420976,BaoBaeHam
2283898536,Barbara_Tuckan
4484732255,BarbaraMeer
1647013669,Barely_Kim
1659487244,BarelyBarboza
2587972799,BarneyShell
895241598015086592,BarrLautRs
1661178714,Barry_mill
4643176934,basirlatiff
2532949330,BatashevSerega
3091979410,BatonRougeVoice
553693295,Bauman_off
3084993971,BayOfTamara
3067781452,BBHelgeson
1879986932,be_bruta_l
889263423485345792,beaatricmendT
3098932829,BeautyMercela
752857620785037312,BeckRalfbeck265
247165706,Beckster319
2261255154,bedovvitaliy
891609822109597696,beeatrwl
895237197065879552,BeebclapTT
888646143252606977,beellasTrTT
2540801459,BeeryBeardie
895247512705138688,BeettyBEcks
3084060519,BegayEvangeline
3085147697,BeingSwartz
1647563018,BekkaTaffs
80141449,BeliebeRssia
2512919735,BelozerovNikit
2580772991,Ben_Sar_Gent
2256797521,BenBrooker12
1705348776,BenButala1
1667364055,Bender_Mel
2253293365,BenjaminSmyX
2597405537,BenjClarke_
1699979586,bennedict_kl
1833559309,BennyLewis_
2753192524,BenShmorman
895243382741708801,BereHayyTR
2790107396,Berezinlecurace
1688256000,bergerjamie75
714720908821327872,berkhoff85
725305686989656064,BerlinBote
750683377632546817,berndhofer6001
836571565546340353,berniedddd
895245764414373888,BErrnicTrr
1594719241,Bert_Henley
1647303654,BerthaDavidson_
1682184288,BessieCooksYou
1046092711,Best_food_ever
3071692453,betterthanyou_u
1669968264,BettieEvanz
2753391094,BettieReynold
2599083484,betty__burke
79664972,BettyRoberts212
2535529153,BeverlyBalsom
2732675512,BGarner2107
895252908287176706,BiaanclEEss
1584279696,BigBoyJasiah
1868810166,BigBoySneed
2253398466,BigJoeFloyd
1621376306,BigSeanBeast
2150862152,bilaal_Rais
2535299035,Bill_Jonson_
3086715946,BishoLorine
771675863012302849,black4unity
1647754285,black_maryblack
831072329656578048,BlackerTheBerr5
4178313619,BlackEyeBlog
903591759372017667,BlackGirls2017
4482094821,blackjackweiner
3978316814,blackmattersus
4301962823,BlackNewsOutlet
784917568196927488,BLACKPANTHER_TX
720262073179987968,BlacktivistDave
719275152987594752,Blacktivists
4856672807,BlacktivistsUS
4840551713,BlackToLive
4217979610,BlackyCleveland
4289925109,blacneighbor
870931892945780740,BladNavalny
2576573993,BlaidDamon
889265147663044608,blaispark
843378908103819264,blakeriverai
889267017500569600,blakissTrT
2633875617,blameyourrself
750983936931688448,BLandershof
2505062486,BlankGuy89
1687183549,BleepThePolice
2786964146,Blinovaexininta
847028676277489665,BlishDmi
4217244274,Blk_Voice
1685173321,BLMSoldier
2584771947,BobbieShe_
1634974927,bobbychandlerr
2189059669,bobbyspang85
2586491520,Bocharnikov_V
2178836894,boeing_is_back
2422793627,BogdanKravcov
3091269436,bogdanovao2
2186414544,boinya_N5
1661380770,BondTonyB0nd
889276513258008576,boniiistP
836577615435595776,bonnet_michele
2525693591,boris_avramenko
2578226850,BorisEleseev
2388391757,Boryabuchin
2531174062,botinokTrun
1693247107,Br_Mc_Neil
2617728401,BrainRules8
2496956628,BrandanDomotor
1864712384,BrandiHagrove
2260029488,BrandonProper
2482076083,Bratuha_Borcuha
852564796935241728,BremenBote
1618230812,Brent_Kendrick
2753235621,Brent_Law_
2625056205,brentdennnis
1873206768,BrentMcclure275
2591469383,Brett_Rosen_
2572433453,BrettBaller_
2575452161,BrettKll
1868496344,brianaregland
79626053,BrianFirst001
1652218933,brianna_denton_
1675280893,BrianTheLifter
1850866398,BriceGeller
2908919697,bricsofficial
2668171329,brightandglory
898353946477170691,briigevastr
889746385200918529,BriistaTrrT
888783540074287106,brissnaaT
898357896613900288,brisstoflr
2256256988,Brit_Martinson
2541598098,Britney_Carlos_
1670345594,BrittanyLane_1
2401770593,briys_valera
2492711059,BrndnSuperman
2581175289,Brody080
1500348030,brookedozzier
888588385400623111,brookissTruT
2254032062,brooksjohnnn
2611193699,Broooooke
889282498693410817,broopetrT
888640324100292608,broozleeTr
898374748861845505,broselifotr
898378396480286723,brristasi
889283790140567552,brrpeterTr
2536415136,BruceSprtn
2532597577,BrucieDublin
1933191692,bryan_allford
2494487155,bryan_owenn
2787839305,Bubnovatilaquiv
889285199988764672,buffyphisT
3092375699,bulbulyator1959
3091416748,BurdaConstantin
2542687270,BushkinVlad
2670490950,byDrBre
735790317048344576,bydrbre_
1529831634,Byers_way
2497188832,Bylganin_Mark
2548383456,c__wells
905151226635018241,caadeenrRS
898418554311131136,Caarmbutl
891767306245869570,caddeetrs
889286613485965314,cadneciPoPT
2394887523,caezar_Grin
1716003968,CaitlinMillsYup
2535353390,CalebPaar
799197304129462272,CalifroniaRep
2586416677,CalininV
2576532047,call_mirandah
889288605184790530,callisspriT
1647500706,callmecupcake45
1655956760,Calvin_Barn
1667019746,Calvin_Yek
1716473676,Cam_Evsss
898397303018356738,cameericlaar
898394737618501632,cameliisRT
1642461998,cameronJJJ11
2428308689,cameronreevesNY
888468014475169792,camillitixtops
1681162956,camosaseko
2613808780,CandeyChaney
898407093228654592,CandismBRR
889291124808056834,candyssRamir
1627699074,CannonSher
1676437802,car_rems
898413233740013568,cariisncisTR
2743739447,CarlBray_
898434612354965504,carlltheriTR
2582408195,CarlosTravell3r
2580983326,CarolDavissss
2753332271,CarolineReeeed
2537368655,carolwightman34
889292577547177985,carRedTrT
1647045721,CarrieThornthon
3084166821,CarsonYearly
2742482932,cascaseyp
1661281716,casie_lang
898433402868645890,CassandrDR
2589353987,CassieWeltch
1629828379,cassishere
2512522954,cassyDbar
1512371617,CatelineWatkins
3084317164,CatherineCalls
1707979796,CatKelley_
891834243428614144,cattsadstr
2753120362,CBOliver3
843579244819169280,cdavisa20
2573823280,CecDwyer
898441036791390209,ceciiistaTS
2580393845,Cecil_Hays
1647287390,Celest1ne
889390151734087680,celiansTRR
891858545561489409,celiissgons
889387429588807681,celistineesT
898442763200380929,cellestins
891846858867449856,cellsstitr
3084865707,CH1Esther
891902187130966017,chaasntr
1676377446,ChadSloyer
889393164208963584,chalizzTrT
889391071372947456,chanelssTrT
759825020210253825,ChaNeutral
837931594132267009,chantalrobilla
1624893212,charity_fuller
80233454,Charles_Chak
1690644126,CharlesDailey87
1532863891,CharlesJHarper
1649652192,CharlesRespeck
2579417139,charlie_grace45
888578964201111552,charloosthT
2533646168,Charly_Giffkins
898452282181730305,charmeesTRS
891907553356955648,charrisstr
2251293547,ChavezTinaSweet
865625562517184512,chayka_chelsey
2560630876,ChBl999
898461781244379136,cheelsyJoTRs
2533459897,Cheese_Monay
889749403669585921,chelssjohnT
1679035434,CheongMai
2527537955,ChernenkoNikola
1877492857,ChesPlaysChess
888647286007508992,chholesssTr
4209872499,ChicagoBl
2547141851,ChicagoDailyNew
866327835794976773,ChilOutAndLeave
898469365338845184,chirrismogui
898467846774300672,chirrmorRE
888655991088218113,chistisssT
2687277211,chistpost
2596648691,chloebishop666
1552482290,chris_sis_sis
2535944617,Chris_Solo_rio
3091334823,chrisafonaseva
80181951,ChrisBo0112
2546043187,ChrisChrisChCh
2605714030,ChrisHayesss
4447775296,chrisheywai
2583391942,ChrisLLLLong
2605656946,christacooperr
2260111831,christian_piggg
2560184415,christianlooong
2533017157,ChristinaCrisss
752855349280071680,christinapool61
733273388836347904,chrisuport_port
2882350436,ChrixMorgan
2500582597,CiaraLoveve
843337090527973376,ciduquvn
2532863004,CindyBobobob
891921405192929280,claarisRtr
2540675567,claire000green
1648171825,claire_court_
2417979586,ClaraNashARZN
889392068392624130,clarisstrT
1664988493,claudia42kern
868099328103112704,Claudixx59
2730955150,ClayHarttt
1626302035,ClayPaigeBoo
2412048329,clevbrunsting
2491401030,CliftonHughes_
1659378644,ClydeDaws0n
819549895484968961,CnnFckNews
2197907682,CoCoCodydy
1709349085,CodyLoveless23
1655441112,codyrandal1
1646340175,ColbyST1
2403125135,coldplaysjohny
2351739462,coldwar20_ru
2629391579,colinR2020
1647457314,colinsneverland
867033703427354624,coljason94
1723226778,Colleen_Frn
80728450,CollinsFandom
1655845068,Colly_Mick
1240007161,ComradZampolit
2570225585,ConnerElkins_
4448449281,connerherring2
2537418335,Conor_Dyer
3084901877,consuelabrunaz1
1711063908,cookiiieeessss
1710804738,CooknCooks
720144556684132352,Copblock1Lamar
1692501152,CornellBurchet
846031894856843265,CornellJuliean2
1640787758,CornerGloves
1877380417,Correa_Crew
1863956756,CoryNaeNae
2744253561,CourtneyMartig
3123329429,creeepysmooth
4437233895,Crystal1Johnson
901186833517748224,Crystal_Johns0n
2626063761,CRZYRON
843330489662361600,cthuno
1912238342,cunninghamark
1668307436,CurtisBigMan
2212451119,customernumba1
1651693646,CynthiaMHunter
2524998765,Czar_The_One
1658321581,D_andre_Austin_
2628711951,DaaveMarshall
2539234744,DaDanielDaDa
2617106433,dadanielllle
3055236613,daddilazarus
1657694515,DaileyJadon
2624554209,DailyLosAngeles
802580181806448645,DailyNewsDenver
2630842499,DailySanDiego
2495567768,DailySanFran
2572305383,DaisyP___
2242168051,dale_phillips1
902273457911734272,DaliKwesha
2675966513,DallasTopNews
1683223308,Dam0nSpencer
1660804459,DamaniMiles
867765103415971840,Dan_J_Shaffer
1694723743,Dan_Sel_lers
1913321460,Dana_Garner_Me
2882037326,DanaGeezus
2399649227,DanaKatalimova
2247249138,DanelsKirsten
2573848181,DanelThomas12
2538678407,dani_simmm
2188383018,DaniDanifany
1692924374,Danie_LLe_H
80358521,Daniela_nielala
2261191226,DanielDS00
2753643335,DaniHorton_
3092318385,daniilaleksand6
891930470212141056,danisstrs
888665603892023296,DanniilsT
1680349964,Danny_Turner_1
2516933027,DannyMaslov
2401397937,DannySchmitting
2536146374,dannythehappies
2625700745,Dante90909
2534408022,Dante_Fish
2494539354,danutakorn
891937707370307585,dapnesstr
891941754282188801,darcyystr
2259539330,darkhorse344
1039581360,darknally
2577012098,darktank1992
1671576282,darleneking_
1676106997,darnellmathiss
752965259506380800,Darrell_H_Hunt
2577327921,DaShayKeller
3235948443,dashing10th
1684524144,DatWiseNigga
730484970028859392,DaUmoa
2533517000,DavBoyd_
2585947240,DaveBroooks
2535330771,davedavemarine
1976136240,davefeldman98
1709784516,DavePaige12
2539370129,Davidrepablican
3155459811,davydoff15
2728697638,DayshaCarney
751353223827578881,DealWithWeirdos
2637038554,debbienewman_
3083592923,DebbsFarrell
891946402439352321,debesstrs
2595506265,Deborah_Norris_
80762559,DeborahREEE
890488664215756801,deborrth
1693655748,Debra_Stern_
1968305534,defuego56
2528268227,DegtyarDegtyar
2500108285,Del_Mcquarrie
2624564037,Della_Carlson
2563658687,dellacurtiss
2574749847,dellader
2417283285,DellRya
1687970988,DeloresP00le
2517202191,den_dzen
2410529170,den_shefran
2491692239,Denis_Koleso
1715605633,denisedennden
2577152109,Denn_Nikitin
2752715583,dennisthomass
1618193522,denny_bentley
843751953431646208,deon_liew
1667054263,Der_rickA
3081274372,DerekDerekCl
1533799478,DerekkGregory
1936306916,DerekRoland5
2512975926,destroymepls
2571870453,DetroitDailyNew
1669574551,deusXYX
2514864173,developer453
1668700099,Devin_Yat
3084866039,DevineDevinBr
2620709237,devinfox_x
1948904786,Devyatkof
2409899145,Di_MC_solov
1649918402,DIAMONDSL0VEME
2539274727,DianaBaileyyy
2544977903,DiandraBell
2732041203,dianestewart_
2598367019,DickyIrwin
751039234727940096,dieter_port
2262049316,digestlj
2267601338,Diman__Dima
2536815395,DimaRoscoe
1683321576,DJKatKatKatie
2538668691,djVIbelozerov
2234762245,Dmitr_Mironov
2534770486,DmitreVasiliev
2545382133,DmitriBelov12
4817682580,Dmitriev_IR
1647345536,Dmitro_Gondar
854700231648268290,DneprGoodNews
3889213402,Dnt_shoot
2433644002,Dobre_deNN
2510682335,DolgVlad
2573225349,DominicValent
752807918731485186,dominikkeller22
1649000906,domm_clayton
2620285289,dompott3107
1617741380,DonaldOuch
3088937331,DonatelloJack
1720117201,DonnaBRivera
1675091161,Donnie_heRo_
2537357265,DonnieLMiller
3061193789,DonniMusil
4856706634,dontshootcom
3088909499,doraratchet
1833223908,DorothieBell
2560480534,DP_Trovsky
1651767578,dreeeew1huds
804291336052609024,DresdenBote
2191544714,drewking454
3071388818,DrGregoryWest
1859674386,DrMichaelGarcia
852455155366809601,DrobYosya
852573014411575301,DuesseldorfBote
1663062360,DustinCoool
1652422783,DwightB0nd
3074401477,dybaigwen
2745878271,DylanRogersSW
2610407717,e111Colby
2574586915,EAECtoday
4590610179,ealaddins
2524888962,EazoN_Trap
913039774260350984,echoparadnoy
1618776518,EddieAlonz0
2419190008,edenisyy
3072495397,EdleyImogene
1661275710,EdmundC0oke
1701582961,EdmundRJr
2620657511,Educate91
2245183892,Edward09Walker
1719540354,EdwardBRoberts
2745206963,EdwTurner
2536647669,eevaaaaaaaaaaaa
2417329901,Egor_Glumov_
2248404972,egor_lololo
2433660382,EgorBaranovv
852449481798942720,EgorButen
2258451828,egorov_dimc
2786444454,Egorovgranigine
2560113004,Egorsaev
752866970480115717,ehermann66
2503849063,EhmkeKate
870497148365754368,EissyT56T
3091233215,ekaterina_frol
1693122847,Elbertboom
4218156466,ELEVEN_GOP
2753543279,Eli__Nixon
1615059818,EliasAkaParker
1665377383,EliasBrick
1694340596,Elijah_Darby
2751679397,ElijahWall
891958721999458305,elinsstr
1725733932,elisaagreg
2437444023,ELISAGreenn
814082062907011072,eliseeva_tan
4438743076,elithkury
2753583521,EliWade_
80038725,Elizabeth_Pr22
2613235677,ElizabethSpiceI
891963666828021760,elizeestr
2598471551,EllaN_son
891968787758456832,ellastrs
1659406550,EllaWonderGirl
1657021783,EllisHarm0n
888751808235098112,ellissTrT
2493731922,Elma_Elmama
2613726999,ElmerFr_
2488774873,elmerwaynee
2569844285,EloiseBoo_
2537507303,ElPasoTopNews
2574171525,ElsaHood12
1853262307,Elyza_Gutierrez
891973383159599104,emelddtrs
1676481360,EmileeWaren
888544129675821058,emilllysTru
1661240948,Emma_Fssxx
2262297098,emma_kvn
891255684091740160,emmajackt
1653442950,EmmettMth
4406955143,EmmyBambi
3070151882,enTatjanaMax
723434980177633280,erdollum
813271184271962112,Erdollum666
904332589846188036,Eremeev_Oleg_
3081252508,EreminKiryusha
2613787361,Eric_Schafer_
867823558293987328,ericaandssn
2540611879,EricaRutter
4479912569,ericbeberg
2532352332,ericcator66
2618345842,ericksonalexx
1531472046,erickwaltt
2253374276,EricTraPPP
1648101588,ericwoodod
752668829856268288,erikadixonlove
2575670499,ErinHawkins911
1651119014,ernestineealvar
2528293132,ErofeenkoAnton
1662453998,ErRivvvvers
3074290111,ErtmanGreta
1690411986,Ervin_Alford
2425015673,esayl_inin
2315918428,essiaRay
2534200842,esterbriang
2580042898,ethel_fr
3092370509,etomoyoimya
1657044541,Etta_Jhns
2546855723,Etty_Odell
2753138169,EttyFowler
1673166168,EugnBalyasin
2500386798,EurynMccolley
2533653547,EvaGreen69
891267290607607808,evannghartr
1864532138,EvannMosss
1654750140,EvanNotMcgregor
888658990825132032,evassltrT
1618091364,EvBowman
864891079841153024,evegreene88
2208479190,Evelyn_Philips
2532792822,evelynshall
1707253939,EveWebster373
2455184153,Evgen_Bbb
2564356483,EvgeniiNikon
2492578433,evgenishenko
3091250327,evgeniyymirosh1
3079673741,EvgeniyyVorobev
2416138409,EvgenPaper
2543471073,EvtushenkoMixei
2541423774,f_hankard
1690599116,FaceMeChase
2570079065,FaigaPierce
2541294169,Faleh_Gipson
1939953518,familyguy127
2733765591,FannieBradley88
2533102405,farooq_umarr
2525796153,FedorKriuchkov
2571536740,FedotovaRoza
2256180673,FedotovVas
2583298386,FeellMore
80807978,FerrariBett
3123282873,feyylogayylo
2560513541,FhilPril
818152535617916929,FightClubLegion
1645969141,FightM_D_B
2785702231,Filatovalechosl
2236241492,FilinLeonid
2606301939,finley1589
1663583694,FinnaGlo
752863577770455040,fischermaria933
752890250175873024,fishalexanderr
1653391176,FisherrrCaleb
866604387107569664,FlagFlanagan
1649779795,FlissFlowers
3075976226,FloydSwenson555
2790118424,Fominaiminilge1
4209374374,ForceOfLiberty
200028346,Forumstrategov
2574225496,Fran_BEach
3071619890,FrancescaDiam
2399657729,FrankDi12
804288093146714112,FrankfurtBote
838758848303349762,frannervia
2534488944,frariid_amam
2579994741,Fred_Patrick_
2547204182,FredFranklin78
1651153304,fredythecreator
3241517419,FreeDiscuss
780936015959756800,FreeJeromeSmith
2543391712,freeturnerr
837649872056532992,fremonthenriI
2241472909,FrolFrolDi
79656273,Fuad_Ibragim0v
1682377604,fukkkkherr
1648099592,Funky_KaY1
4566047415,FunnyBunnyTunny
2745640337,fuuncake
1527188154,G__Aharon
1674083671,Gab1Aldana
2541244964,Gab_Artea_G
2573350661,GabieMcgrath
868101545153396737,Gabrielitaa7x
2732531555,GabrielKuris
3094332968,galentinivakin
1504356343,GallowayEliana
2258490860,gallynaa
2522896701,Garr_V_
2570337742,Garrett_Travis_
866609239552405504,garrettheshadow
1660771422,GarrettSimpson_
867758522968223746,GasolineBecker
838746004094660608,GattiSilgatti
2274917514,gavriilzaharov
1924988426,gavrushamsk
1618361292,GayleHappyMom
3092507884,gazidaud1
2527978515,GeoFF_Cramer
2571022571,GeoffreyCh_
3236008569,geomakss123
756553776291540992,GeoreviewEurope
2533157670,Georg_Simon_
80172843,George_Anonymus
1694754948,GeoRGe_BeNTLey_
2610499653,GeorgeCandelar
2185519466,GeorgeJackson06
80557728,GeorgeNelson00
2543367100,GeorgiiBavin
2400066623,GeraVareev
2259720781,GerrardOwner
2528799640,gffgfsfgfsdffjj
4447576895,gg_bates
4590036987,ghazikarimm
2513789090,GiannaAvery_
2583079101,Gibbs_Jeremy_
2753193803,gingeryoung_
1694378407,ginnaginnaa
2882013788,GiselleEvns
2534425886,Gl_Workman
2530897583,Gleb_xleb_
2575046530,GlebNikon
2721111623,Glenda_Hammond
1680848678,GlennHarper_
2533204857,GlennWyattt
2481347299,glielmaDr
4444330996,GlobalFoe
3312143142,gloed_up
2533137722,GloriaGranleese
2497038661,GlorisHuglin
1966460718,GOAOLL
730778431202287617,GODh8sBIGOTS
2541304340,Goldie_Alf
2233879364,Good__Daddy
756434963948503040,GoodSPB_lj
410005607,GorbatovLive
2588788573,gorelkinnn
3091171517,gorelov_artem
2590050531,GormanmanG
1684390753,GoTriciaG
2542841213,Gozhman
2535567195,GraceBrown321
2494207747,GraceLilStar
2496289009,Grach_Vasilii
1694689626,gracie_____55
2481385891,graf_veber
1709985211,GralinFedor
2493304441,Grays0nWilde
867832091756515328,greenmonika6
1681000476,Greg_GreGG_
865590745339633664,gregfranklin030
1914166057,GregSpicy
2587390889,GriffinLittle_
2422376195,Griga_BAsh
2528792890,Grishazubkov
2570507350,Grishin_Slava
2241326438,GrishinVanno
2570813687,Grover_Reeves_
4859459535,GSpending
1670448043,GuillNavarrete
3638310498,GUNS4LIFE_ME
843930599920349184,GurgenAleen
2790011311,Gusevaplanimnac
2786530412,Gusevglosinnunt
1690590271,Guy_whomakeit
2541215075,GvardeykaLena
3089051416,gvozdyamba
2534068753,gwen_garland
1677048979,GwennyThot
3913874113,habdarrahman4
2502134676,habib_hameed_
2571730413,HagenCarla1
2491574930,haidarqusay
2484289233,haileyjjoohnson
2269107138,Haleyhaleyhaha
3971937003,halialhashimi
3088747090,haliid_mas
731021916568424449,HamburgBote
3971761883,hamidmansoor123
3936319973,hamza24mohamme1
2613685983,handsome_henson
2572099161,Hannah__wild
867309612713877504,HannaHalll
2753260269,HannahWethal
853871825251688448,Hannover_Bote
2535818742,happkendrahappy
2620176310,Har_row_
888637719647313920,harereTrT
854713408339443712,HarkovLive
80624745,Harlamov_Sarhat
2584656951,Harold_Allen_
2570651920,HarrelTracey
867732920349405186,HarryLevvis
1533025808,harrymagician_
1667740255,HarryTheFather
2740340711,HarveyGene_
2540525700,hashtagmemom
2496527533,hatemornings67
1681494199,hattieb78
2577817587,HawaiianAnn
888602433550725120,haydelyysT
1647461256,Hayden_morrisss
888591580491390976,hayleerTrT
2744494647,helen1helen1
2743061380,HelenSmm
1650310652,HellieEdwards
2498990677,HelllenGreen
2744047551,hellyeah_92
2752556896,HelReeeed
1660622984,Henriquez_A2
2535603124,henry1ewis
2544756149,henrykollin
1622069972,Herbert_Bacon
2592004204,hereandthere_
2540624558,HerNameIsCutie
2491991160,HerNameWasNancy
2535218881,heyheyhailey
2540882036,heyits_toby
2541109454,heyitsglor
2594453350,heyitsmmmindy
2552773476,heyyallchris
866639158588125185,hickey_seth
1664932411,HiImJoeBryant
1649487510,HiImKhloe
888854736807526400,hillaryssTr
2572092279,hipppo_
889758865402802176,hislaaTrm
3971670501,hmzamahmudham
1620750968,HoldMeJerry
1646999972,hollandpatrickk
3083844539,Hollydler
2540596597,holycrapchrix
2580689194,HomerCarp58
1663339567,honeybobooboo
2611187062,HooperIda_
2581916069,Hope_Quinn_
2621774710,hornycorny21
2514377099,HoroshaMashka
3079225943,horoshilovvv
2567949836,HorrorKi
2746157170,HouseEleni
2628066159,HoustonTopNews
2533590242,howhowhowardd
2622618065,HUG_HALLEN
867728246162509824,HumphreyAlessia
1658227478,hungrycelia
2425082736,HunnyElis
1720981580,HunterOddddom
3074207516,hus_rahiim
4590662176,husayn_fuad
2734020675,husein_fuadd
2535362820,huseinaljabber
2580154186,huskiehus
2570649555,HvostovaSvetik
1671234620,hyddrox
2261721350,I_Am_a_Scatman
2787255740,Iakovlevaagambr
2728846349,iam_NNatalie
1659619561,iammonicababy
1706031542,Ian_Farnan
1668025357,IanCalh0un
2753121537,IanEllison88
1670715222,ibetyouwill
1668213361,ibocasid
2587213922,iborkovskaya
2535936919,ibrahiim_farooq
3971630919,ibrahimnooh132
3937152317,IbrahimYussif21
2532608312,IdriisFahr
3092326575,ignat_irinka
1694169506,ignitedfirestar
1630766899,igor_romahchuk
704933176850915328,igorma2016
1716561367,IIddaaMarks
917854080306905088,ijohnkimble
2595322024,IlanDavenport
1693697522,IlanPriceUSA
1650681522,IlikeBIGbuttand
2497636861,ILL_Van
2537525799,iLLi_Alt
2414880321,ilonaGrishanina
1660375034,iLoveSarahRich
867788551512915968,IlSolovyov
2402010579,Ilya_CHaxta
2539029395,Ilyakaliugin
2525201608,ilyazeludev
1706860915,Im_Madeline_
1648012021,ImaPharrelFake
1654695517,ImaSwerve
1656024374,IMissObama
891193379467481088,imogeentr
1659294710,Ina_Malone
2733076534,Ina_Walsh_
3369109175,inforeactor
3825450918,InformSyrien
750686025454944257,ingrkoch_koch
2575446063,inguard82
1655206933,inna_vinocury
2588336851,inspectAn
703670485859614720,inst_vets
868167831816462337,instasex_top
3989295372,instotus
2498271878,interFischer
747344250895884290,internalmemer
1666957118,Ira_Combomb
2498080176,Irenne_Official
1119674754,irgzna
3123794145,irina_bykov
480763276,iris0_o
2594755421,Iriss_Martin
1650097994,isa_bella_gr
2625918731,isabel_staff
2523516951,isabella_brownn
2514411904,isaevBro
1645888604,Isiah_Casas
1034490872,islam_saadulaev
2500925870,ismailgafur1
816274024925921280,IsoktobeMark
2753286467,Israel_Wills
2425471679,istominErnest
2424242495,ITBataev
2600378182,ItIsMin
2190137101,Its_Alex_Cooper
2187239432,itsangusjane
1663428768,itsderekmor
2745882393,itsmeyeahh
1693302001,itsmonamuua
4271904983,ItsTimeToSecede
890534862117122048,ivaassntr
1647900368,Ivan_ivchenk
2547448997,IvanNikiphorof
2786588096,Ivanovacresanta
2790260922,Ivanovaquisipin
2786170681,Ivanovsimpvegau
2576761071,IvanRussin
3091239147,ivanskaya_lida
1651414050,Ivey_Mexx
2626078048,iwant2beme
1667343554,iwomamybb
2532754514,izchetham
1685718216,J0hnLarsen
2467354954,J0hnZeman
1674169892,J_Cl_k
888779576599511040,jaamissTr
2734853008,JabrMahmood
866631281630740480,jackfairy1
2532996853,JackieCowboy
3081110164,JacksonCityPost
1708410668,JackWillDaniels
2582280406,Jaclyn_Donahue_
1908304394,jacob1pearson
1709603336,JacobonMoon
2598342208,JacobsDavid_
1694026190,JacquelinIsBest
2579730281,JadaVaughn_
2492948562,JadonHutchinson
1693771508,JaedenMassey
3091189013,jailija
1675032908,Jaime_Booo
1649486916,JakeWhite1987
702142189544067074,JamalMunake
1664609125,James_Kampor
1667355631,JamHarris_
1666382036,jamie_diver_
2606801967,Jamie_Mccarthy_
3082027347,JamieSamy
4643219358,jamilhadad
1647277573,JamiMahdi
2516977984,janabassman89
2592432748,jane_goodgirl
1684917835,janelouismiller
1706657124,janelperkinson
1716228906,Jani_s_Jac
2532592909,JanisDunnett
890079499458662400,janskeesTr
3079665305,JaroslavAkimov
2604334823,JarrardNorman
1694513414,Jas_Bac
2532603353,jasmine_jenkinn
867679294398406656,jasonirina1
2606922099,JasonNelson131
2533001646,Jasper_Fly
867027695032442881,jassmoore11
1627096807,JassScott
1647241154,JavierMJohns
1670149272,JavonHIDP
1857255048,JaycobBri
1653553555,JaydaAstonishin
3084982631,jaynellseltzer
1656685598,JeanneMccarthy0
1655815544,JeaNuttella
4299815909,Jeblary2016
1623180199,JeffreyKahunas
2525805757,Jeffry_Cheshire
2262001861,JeffWilliams991
1589032404,JeffyDaniels
2494153524,JeKellerr
2601277619,jen_jen_90
2633369110,Jen_McKinley
2606663067,jenjenjenna_
2882331822,Jenn_Abrams
2315502851,jenna_peacockck
1686803034,jennajennkins
80422283,Jennifer_booty
2256944438,JenniferGale21
2584218244,jenny__moreno
2541934544,JennyHutch31
1654763474,jeraldwoow
2576926702,Jercconner
1654344751,Jeremiah_Jah
4427589557,Jermaine_Bossy
2485734523,Jerry_Giorgio
1683608846,JerStoner
1594887416,Jery_RobertsYo
2637459118,Jesse_Collier_
1646145600,JesseHeath86
1677442512,JesseJym
2742244732,JessePeter_
2431702643,JessicaMadols
2251046671,JessieMazan
719281218965999616,Jihadist2ndWife
765999468680544256,JihadOnIgnrnc
2503347156,JillyanCalvard
2614445621,JimDix_on
2601619991,Jimmer2506
2753360939,JimmmFelder
2587340241,jimmyHarmon68
1661837562,JimThurmann
3083073305,JimyLevy
1643740674,JJ_WALSHJ
836556694750539777,jjeanmoreau
2238815210,jjjasoonnn
2594592261,JmHarrisss
2580516159,JmsCoxxx
752849847124946944,JoachimBuchwitz
867317558227107842,JoannHarrel
2576148593,jodysharpp
905907782926442500,JoeDolton
890448373765025792,johaajots
867060064498077696,johan_nigel
750676651562926080,JohannbergBerg
4484289856,johjohho
2533175178,JohnArriss
1657753759,JohnBranchh
1668314575,JohnieBoyCooks
1653393446,JohnieVOGUE
2579228079,JohnMcraen
1713600560,johnmorgg
2541326763,Johnnie_Mcclain
2270079901,johnny_collins2
2537443684,johnnyawesome35
1695671640,JohnnyMarch_
1652099712,Johns_Gavin_
2587772890,jojojojojo__jo
2643952995,jolly_ollie_
2625539381,Jon_Underwood_
2584313493,JonathanBelma
2618533403,Jonortriz
2589592793,Jorda_Morgan
1647858578,JordanJJJo
1711350042,jordanliss89
2515011981,JordanSave
1661165312,JordanSheltonW
1711909100,jordin_ramzi
1681608768,Joseph_Jenks
2534751255,JosephLindsey77
2623293490,josh_shhh
2496549528,JoshBlevin
2536070066,joshlowy78
2591808657,JoshuaSpence88
2494706736,Josie_Morton
2260107775,JournalistKaluz
2570242889,Joycedel65
3072704450,jrrbrtt
2752909257,JshMrtnez
1704305011,JsnCarey
870545697006866432,JuanthomssTrumT
3063011242,Judasontwitt
2587100717,JudeLambertUSA
2752313567,JulBatiste
4448604814,julianmanlier
1526705383,Julianna_Yes
2534880316,JulieIgnatieva
2607181522,Juliet_Elliot
2489125693,juluhezahoma
868104201947185153,junitaxx4535
890404816601714688,jusmasxTrt
3378458489,jusslilstoner
1917047294,justbe_mine
751018971898515456,Justice4Jamar_
791109337527816192,Justice4Tamir_
750721339091193857,Justice_4_Jamar
2535806814,Justin_Longfel
2520710013,justin_mc_call
2499504374,Justin_Mcmickan
1521923923,jwoods_man
1850518885,JyotirdharReddy
2580718293,k2danger
3090794579,kabbalalover
1654391976,KadenMccray
449689677,KadirovRussia
891238915411234817,kahaleetr
2544667971,KalChristoph
2406533230,KalinikovVit
2491840304,Kaliyah_Rrs
3605456600,KalvinNutzzz
2790089137,Kamalovatempsen
2587843805,KansasDailyNews
1659753702,KarenParker93
2545025585,KarenSauceda666
1726277508,Kari_Dodson
2533240731,KariShaffer_
1648180220,Karl_Summers
3053139792,KarlGoldearl
1686484184,karmaisabitchh1
837645504427266049,KarolineAuge
2519323629,Karp_Maks
1701191796,kartamoihven
2431540000,KateGusmann
2753291458,katentatum
1661246144,KateRitterrrr
4484290395,KatherineSKS
2574117863,Kathie_Nash2
2532611755,KathieMrr
2499207433,kathyditmar
2634099063,KatieChrist_
2587079687,KatiEEgano
2241321510,KatieRead67
2259616507,KatKa_hero
2187556796,KattyAtkin
1657876885,KattyyGeorge
2489790488,Katya_Born
864902080607158273,KatyHansen19
1658670734,Katylockheart
1647637538,KaydenMelton
2433216263,KayrovaKayrova
1849989312,Kayy_Curtis
888798454234918912,kayylyssT
2540668640,kelbatt
2260922960,kelly_cleve
2633756506,Kelly_Perryy
2588813669,KellyHiggII
2586647441,kellymc_arthur
2623058932,KellySheer
1695830984,Kelvin_Chambers
1695021092,kelvinkelkelvin
3092302720,kelvsok
1696996141,KenCannone
2580853698,kendra_spe
2535374052,KendraGrrr
2671363137,Kennycartie
2751424229,KentBetKent
1715424829,KenzDonovan
2593082746,kerrycobr
3090818765,KeshaBorispol
2195081035,kevin_ck_Mo
2631318585,KevinKevScott
1711447272,kevinkkke
1629087134,KevinNotBrooks
4590743632,khaledbakri7
854019036476301314,KielBote
854616809655459840,KievNovini
889751467023892480,kimbeerlsTr
1684737792,KimberleighLamb
2619936855,KimberlyChumney
2617071681,KimberlyGreen01
782394048,Kint_D
2258614478,kiponyhyhys
1707252776,kir_alexandrov
2282773795,kir_gromov
2401999283,Kira_Gasanova
2492985377,Kira_mir10
1713221156,kiraverkin
1679137712,kirbythefamous
2572297187,KirdaLove
1901066448,Kirill_Gromov1
867728588300275712,KirillAndy
2494822470,KirillDechterev
2789989338,Kirillovafecnan
4440488720,KirkseySusanna
2237714168,KirllVil
1940783298,KirMux
1682813940,KirstenLaDaniel
2787020304,Kiskatalquantic
1656127237,kisskissdeb
4407104483,KitsonBrenda
2532795261,kittie_katty
750656345926410240,klara_sauber
750644093823422464,KlausFinker
3081248206,klim_petrov_
847060083699826692,KocorQ
2616758673,kolbanik
814728415198769152,KolnBote
2785804165,Kolosovaconhule
2537592520,Kolradskiy_Zhuk
2233154604,Kolya177
2560017437,kolya_ilin102
3110222697,komarova6969
2787396793,Komarovaguipoln
2506111762,KosDemo
2578954047,Kostya_Evs
847829886106468352,kotopesni
2494509505,Kotovamarys
802094759913418752,kotzzzlovred
2415788824,kovalev_romk
1932597397,kozlenko_slavk
2234176033,Krapivec
2532553697,KrasilnikovBor
2579142205,kravcev_den
852446441717026816,kravchukdmitro
2573094173,KravchukRussia
2532733216,Krilov7959
2594497191,Kristen_Meier
2400472695,KrisTh0mps0n
3123365356,kristhug5
3993926693,kristina_ales
2503202888,KristyanaNN
2516294981,krivelev_law
2579368386,KrustyPs
189295762,KrutkoT
2514459711,KSarah12
2259079032,KurzinVadimchic
2532422493,Kuznetsov_Boris
1647074334,KyleBurrit0
1962784537,KyleRoth19
1674236288,KyleS0ccer
2444118214,kyrill_moto
2595835707,L_Ayers_
2577417754,laalanow
2589482164,Lachlan_Farley
2513324302,ladavish
2583260095,Lady_dianaaaaa
80429968,LadyLindaParker
4492987343,ladysaschaK
1510488662,lagonehoe
2575281976,LanskoyTimofey
2559850571,LapinOlegg
4491663345,Lara88Lara88
2532878081,lara_kich
1681749680,LaraHarrrrison
1668210535,LaraPalmer23
888653096724951040,LareelizT
2788162002,Larionovabobspi
2491367466,Larry_Matyja
752799972798627840,LarsWolflars
1706456846,larvin_aiyanna
2505953110,laslie_brownn
2501106006,Laura_inson
1658202894,LauraBaeley
80968672,Lauren_grayyy
2254186309,Lauren_Spink
866303289293516800,LaurenBurtons
2586706647,LavaLavaTown
2665564544,LavrovMuesli
890475284507623424,lawwaanCtr
2743785431,LaylaLerJenkins
2527708822,lazer_Nikit
2533221819,LazyKStafford
80530724,lea_mikkelsen1
1615093999,Leach_4U
889754273445285888,leahtopss
1585023582,LeBLaNcPeTeR_
38875764,Leecory
889756598498992128,leimillers
870985547363352576,leipzig_bote
1682412506,LelandGraves_
4480605221,Lena1Sturm
2587693546,LenaLyo
852441512797503492,LenaShumeico
2753042627,Leonard_Cox_
1647400878,leonid_1102
2530642395,Leonid_Zak
2188875102,lerochka_ala
2572058134,LeroyLovesUSA
1618590738,LesleyKindQueen
1854911240,Leslie_Faulk
2753111001,lesliecoxcox
3057120054,LessMcph
2530818094,Leva_Danilov
888869357442433024,lewaskewor
2503206666,lexxx_th
743200565174345728,LgbtRally
752973172438212609,LGBTuni
4856780602,lgbtunitedcom
2586251828,Lila_Gorila
891281938706726912,lilaastrs
1612106972,LILJordamn
1692919442,LillyBoggs
2733519279,lilpaigeroberts
867721508394868736,Lily_Lew1
816278066142019585,LilyLilyhasse
1707302568,lilylilylilylll
888634898466185216,lilyyTYY
2606489423,LinaKiller_
2545388387,LIND_FOSTER
2194972770,LindaDoddi
2535721622,LindaLaughtisse
750692109166977025,lindaschwarz121
2672028011,LindddaaaD
2516900721,LindseyBurrowSL
869772171962454016,LirastertTrump
2744662954,Lisa_Fuller_
2452170645,LisaDavSmith
2260506115,LisichkinJenya
1672958089,littlebettyy
2532699325,Liz_zaL_
1647896215,LizaHasJust
889755465403559936,lizzbetTrr
902255342964183040,Lizzy17127377
2569078174,LizzyCole610
1534458794,Ll0ydTheKing
2398644455,llaganPo
535690498,Lmarinays
2532702733,LNever_mindL
2546882991,Logan_Herman_
1661166252,Logan_WhatsUp
1682033870,loganloganss
2496265346,Lola_Ayers_
3084121402,LolaPyke
2631246040,lookslikeronald
2622683374,Lora_PRR
2569229674,LoraGreeen
1526818651,lorenaishot
2572855337,LorenzoElkins
2590329304,LorettaPJ3
2572281076,loriicook
2529000603,los_losos_
4868736867,loshad96
888772523818708992,LossdayTr
1575587755,Lou_Galloway
2734210791,Lou_Hensley_
2405005210,loveisagame98
2647258029,LrenzoFrz
2501393589,LubomiroB
870504511462293505,LuceelysToP
867770661942546432,luceelyzt56
1671197930,Lucky_Lem0n
869250822152048640,Lucytrumpttop56
4480827082,LuisasaGross
752871189404680192,LuisStockberg
716919079597182976,lukas_rosler
4209684039,Luke_Jones13
2534373547,Luke_rubia
2724344098,lupita_robbins
888651948458741761,LuscbelysT
2540566250,lutfimansoor_
870528531083792384,LuzMarTrumppT
854661303398477824,LvivYes
1497280638,LynsRodriguez
2579089021,LysikVinkova
2541309240,m_gedoooo
4591403183,maalouf_amin
2535125327,MabelWly
1525692421,Mable_Landry
3084693017,MacneillToni
1665335473,Mad_Benjami
2253583309,madeline_bright
2620506040,MadelineTos
888630494434385920,MadiadaTrT
2743308621,MadisonAllRight
1708580652,madlen_jeenes
854016072059682818,MagdeburgBote
2514821613,magiCatSaly
1681912027,MagicMagicWand
2673086014,MagSpearsss
3074592422,Mah_elNaf
4440341778,MahaffeySusann
3937129769,mahmudramimah1
853884346918424576,MainzBote
2499096967,maisurganim
762410860480454657,majority405
1655523078,Makai_Brch
2540608533,MakarGuitar
2424983951,makarovsen
888650616104464384,MakaylaButler13
855460995954860033,makehass
2560428459,maks___trava
2568890319,Maks_Dunay
2541212541,Maks_Osipov_
2519634855,MaksBlaginin
3091173197,maksimkovalev15
3972111555,malikalmurad12
1696486826,Malka_Esss
1679627444,MallBowen
1659549972,MalloryJared
752857543916056576,malte_ross
2589717649,Mama_Russland
888755013924913152,Manddsysgoss
1534204219,Mandy9Stevens
3092406153,mansoorYaqub
753138368096112640,manuelkrosss
2559882755,MaratGafvv
2521204587,MaratKalyashin
1619930611,marcella_eaton
737420000043139072,March_for_Trump
753214907823382528,MargarethKurz
1862095723,margaretmoar
80750245,margaretttt_suu
3084377567,MargaritaShiraz
1647337879,Margie__G
2723063009,Margie_Hinton
2608415213,margiee_fl
2431598206,margoberoeva
471868887,MargoSavazh
2499030151,MarHodges_
2498046846,MariahRooose
867023414082404356,MariaKokoshkina
869770503531180032,mariaLopTrump
749931338573250560,MariaNeuberg1
870500630464299008,MariaTRUMPt
865607664620847105,mariecarlllos
2577019231,MarieRoth45
2421563171,MarieWa1ker
3079380347,MarijaKashirina
3092323815,marijakrylova
3091231438,MarijaLabusheva
889761318584168449,marirlTr
1681425248,MarissaImStrong
891147662384410624,marissprt
2745969395,MarkBellottiuk
2536997402,markelliotjr
2753284649,MarkHudson89
2786149831,Markinconssupta
2535304361,MarkinGrig
2505369403,MarkMcGregory
2255725982,MarkS_Hickey
2196407760,MarkTaylor0012
865625997478993920,Marla_Xtian
888663206079717378,marlenizzTrT
2533853996,Marley_Shn
752762716079681537,marmarsch1
890527896024080389,marrissatrr
752785877286387712,martin_s32
1651664400,Martines_tweets
1532157468,MartinIvine
867727549727596544,Martynov_Nik
2195668999,Marv1nRay
535666492,Mary_Giber
79674957,Mary_Moss090
2250812484,mary_nnelsoon
2581887814,MaryAndrsn
1551353520,MaryCarry92
2262599875,MaryGreen031
80939698,MaryHill0912
2721995401,MaryMozhaiskaya
1707987168,MaryRobinson111
4447570540,Maschberg
2517345959,MashaAstahova
3197151086,MatEvidence
4061353193,MatEvidenceArab
3948328155,MatEvidenceDEU
3259934997,MatEvidenceRU
2634313485,MatildaWeisss
2586317998,matreeddd
2582617197,matt_ewmatt
2521396479,MatthewLaborde1
2563222343,Mattie_Loong
2571884531,MattKarel
2753172934,MattMendt
2407117719,Mavlanov_Kostya
2598247913,Max_Francis_
2808833544,MaxDementiev
2542617785,MaxGubanov
2187544560,Maxim_arhip
3906961827,maximgaron1
2555015010,maxjaxmaxjax
2561630973,MaxSundukov
1712463949,MaxyAsta
2197911379,mayamamayamama
888804264738533376,mayasslol
867369383106105344,mayers_stefany
890467190402686977,mayluusstr
1654347974,maymaymyy
867722149984862208,Mays_Arielle
4591177534,MaysaAljabber
2752438917,Mbreak99
3308949087,mbrownhere
2570865765,McGrayGray
3092355587,mdegorov
2571130660,MDevilDavis
890237781737435138,Mechtateli_
2563075183,med_Harley
888584927759007745,MedissonsTT
2559009802,megadavid777
2504982798,Megan_Harrt_
2536133791,MeggieMckenzie
1625965398,MeggieONeil
1622331240,Mekhi_Ln
2535668854,melanie2vega
1655194147,melanymelanin
2627661011,Melindarkelly
2242132914,MelisaBr0wn
888868272132763648,melisleTr
1645994059,MelissaYesIam
1644284090,MellyBarton
1727482238,MelvinSRoberts
2243877601,member432
528571696,Memizis
2617940309,merciperk
3085150283,MeredithWohl
2427144293,merMacie
1927518332,MerrimanJoel
2525801482,MetroJoke
1676167842,MetsTheBest
1654629176,miaonsea
2466438188,Mic_Reeze
2241355748,MichaelSampsl
2496150715,MichealCool_
2630370657,MicheleWebster_
1690487623,MichelleArry
1664241739,MicParrish
3900319276,MidEastView
852477555999375360,mignatiev1
2509951919,Miha_Plet
2260693184,MihaDub
3091268752,mihailkuznetzo1
2574715662,mihanovikov
852444238252040192,MihaStoporenco
2269840387,MihGorbunov
4556403792,mihhblack
788091861634285568,mikapavilainen
2620039487,MikeMike857
1706238751,mikimouse70
2578327831,MikkyRurk
3084360275,Mil0Blake
1673479519,MilagrosVeve
865623859654926337,MilenaKross
2577151334,MiliMillennium
2575323917,MilLeonard
2425643915,milorudenko
2536837665,MiloshaMilo
3085226356,MilwaukeeVoice
2572071226,MiniakinAndrew
2587474264,MinneapolisON
3472775609,mirpolitica
2449779611,Misha_Lopik
2247666253,Misha_Prokf
4868686191,MishaMimisha
1647406536,mishka_bagirov
2571978017,missmissmissu
4208754922,MissouriNewsUS
2630768265,missy_chrissyy
1676451979,MisterBridges_
2495913181,misty_jen
1647234780,Mitch_llLynch
2508043659,mmmaaaashu
763665363154399232,mmmdarya
1864237830,Mmorenok
2533095573,Moda_Barina
854697864454393858,MogilevSeichas
854407883961892864,Moi_Brest
1677118110,mojoyoman
2542743850,Molly__Roberts
1119791450,MolodyakovAS
3243189690,MoneyForm
1664023872,monicaa_mmonica
2254978531,monicaskott
868095987822231552,Moniquex787
2567247376,MonMonica23
2785372374,Morozovaliglibd
888753654316118016,Morrgassstr
2190406878,mosoblstalker
2514970454,MotherlandR
2541945841,mr_clampin
1768259989,mrclydepratt
2582215030,MrLobsterPizza
2545861257,MrMaaxxxx
1517678892,MrMoraan
3052569690,mrMustachee
2519246716,MrServelat
3075343273,mrt_evrt
4481711117,msbrendareeves
1652457685,MsHeathOwens
2547539571,MsM0re
718340894529822720,mtthsberger
733580887653158913,MuenchenBote
3088311515,Muh_Nabiil_Muh
3937353202,muhammadhuss69
3971873116,muhammadsadiqi4
4590167585,muhammahasan03
3971585823,muhmuhsal1
1949612545,MuhRashMuh
2257832792,Muhsadig
843352900592156676,mupu26
3079503779,muravickiyy
2730955630,MurielCoff
843539878738452480,MusaabJuvylyn
3971908720,musallimmahmud1
4795201707,MUSLIMS_IN_USA
2545365862,mwiqcen
4484152529,MWoodsLW
2572536041,myquicksilver
4447663817,MyroMyra
2241381871,N0RAC0LE
2631483375,Nachman_Stuart
3092521156,nagib_saleh
2525491683,nana_lama
1693230968,NanaJDawson
2613410494,NanBacker
2575229331,NanCoxxx
2617644837,NancyHilll
3079619361,nastanufrieva
2588942904,natali_beast
2510056537,natali_frrr
1648027452,NataliNatalilil
3098232473,nataturn
1679045701,Nath_Alma_z
2728532057,Nath_Sssimon
1529997234,NathalyApodaca
1947383406,NathanielGFe
2598293632,Nathaniell_l
2533496046,nathareid
2536014966,NathMaso
2951539528,NatPolNews
888636442397769728,nattaTrT
846826582375383040,navahitler
2516307789,NazzzGulyakov
2526417725,ncentsStal
2471840283,Ndr_Bolozyb
843300539093991424,NegroKeedy
1685229229,NehemiahX
3081249916,NemovVova
3092285206,NeverLieT0Me
3053463958,nevichenko
1930747698,nevnov_ru
2233551757,new_ageofmee
4761896475,new_inf0rm
3091936475,NewarkVoice
1707227870,newelizabeth23
2540976941,NewmanUtah
2530830345,NewOrleansON
2928870434,NewspeakDaily
852131561231273984,NewsPyongyang
4264820295,NewYorkDem
3059376181,niccolobrilla
2616317429,Nicholassss17
2535978788,Nick_Haton
2753326768,Nick_Schneider9
2601207292,nickie_jack
2597862412,nickyfalley
2583373890,nickzlobin
2533464690,Nicolas_Iddons
2316301547,NicoleSekeres
1709884952,Nicolina_First
1649978522,NightGetsLonger
3092319957,nik_vasiliy
867740936163528704,Nika_Loupus
772081711,NikaFast
1657987140,NIKANNika
3121141072,nikita_baglaev
2538677278,nikita_zal
2786182784,Nikitinhydtihin
2316139403,NikKiriushin
2259356850,Nikola_holahola
2208128492,nikolaevni
2573430607,NikolaKalinov
2532488079,NikolayVakhrush
2601506663,ninafrnina
1907360635,NinaFromWood
2616888856,NinaLango
2539031489,nini_711
2250517044,nini__2014
837612164244365312,NinonDerrien
4233777387,nj_blacknews
864899024968704002,NKeerpen
3070597644,NoakSalvan
888872134134702080,nohleslooTRt
1518857420,NoJonathonNo
2784202705,Nomo_Tunes
2422358441,nonidapker
2407451097,Nonnn_Stop
750697678787444736,NorberdtWeger
845851331474718720,NoreeGoldman
2572322763,Norman_Bray
2540685060,norman_hooper
2582887481,Norman_Horton_
2257121671,norton_abbyL
1623062953,NotBallinYet
712473051384979456,NotMyHeritage
2496599688,NotRitaHart
1663150172,notyourlilly
3805314857,NovostiAstrhn
701414038874546176,NovostiCheb
3824403809,NovostiDamask
708345918555344896,NovostiDC
802136938492923904,NovostiDyumin
3802709296,NovostiIrkutsk
802118083196420096,NovostiKadyrov
3716869818,NovostiKirov
4025422684,NovostiKstrm
802112517212409856,NovostiLavrov
3716889374,NovostiLipeck
701386398629306368,NovostiNabChel
889485917525856258,NovostiNovgorod
3804770416,NovostiNvkznck
3805763416,NovostiPenza
802094868910764033,NovostiPutin
3751751536,NovostiSaratov
802131462388613120,NovostiShoigu
889464312993112064,NovostiSktvkr
701422247634935808,NovostiStavrop
3772167735,NovostiToliatti
3715020324,NovostiTomsk
3801877816,NovostiTumeni
3802994853,NovostiUl
802125652946194432,NovostiVolodin
3803674877,NovostiYa
836560946042650624,NovostiYarsl
2430473357,nucolewp2000
2233568725,nuqykagiqyr
1443766015,nyan_meow_meow
3074013672,OaklandOnline
2515257329,ocimnocxi
854638303634755584,OdessaNews24
2417297571,OdinecSasha
2540530565,odinostanus
1856828959,OGDeandre
2536836075,OH_Frida
1592181703,ohohahas
843517051448844290,oi_dicko
2571141471,OlaMathis_
2805472723,old_new_policy
3081208817,oleg_evdokimov_
2539063209,OlegMusAlfeev
1723204580,olga_bekher
2212111664,OliiOlii_Olii
1649719753,OliviaDWarren
2181496010,OliviaWill_I_Am
1665650106,Olllll_llllie
4725859113,Omar_Mansuri_1
1928535488,OMG__Baby
2536017415,omrsaifullah
2589606328,oneandonlevanes
1715190968,OneMightyFish
2753146444,OnlineCleveland
854693049888387073,OnlineGomel
2570017414,OnlineMemphis
2438338479,OooonlyOne
2578907443,OpHeroina
3123802979,orehovanatalja
1679829966,OriginOfKaty
1854283730,OrrClay
2607948705,Oscar_Rowe_
2498789498,OscarMeadows13
2498181012,OstrovOfficer
2663718857,Otto_Boyd
2586435479,owenywade
2732946273,pahofifh
2624902877,Paige_Frey_
1714956084,Paige_Jam
1666030405,PamBLMDaniels
4272870988,Pamela_Moore13
901546574035075072,Pamela_Sharky13
4437444442,PamelaKealer13
3085854377,PamPamOneil
847064906360934400,PaniIre
2393230920,paninofficialtw
2535166748,PaolaKinck
890217454714138629,papkanowaya
2591347283,ParhomenkoYury
1895099408,ParisGaaaaay
888616283423506432,parkisaln
2534105993,ParLyndaSons
1654360560,partyforpatty
2269103622,PashaBatyrev
1647612534,PashaBorodach
2467946193,PatBergG
2582516381,patgrego
1882324014,Pati_Cooper
2536958085,patricia__shine
1710985429,PatriciaR999
2504097512,patriciaRGRS
4103087435,Patriot_Archive
2671070290,PatriotBlake
2504171440,patriotka_rusi
3969530725,patriototus
2590038478,PatriotRaphael
2618216692,patslife22
2743859032,patthecat54
2262636942,PauleyStrong
4497294192,PaulinaNeustart
1617939218,PaulineTT
2570790994,Paulthemaaann
2582470539,Pavel_Ilnsky
2525961485,PavelVasilie
2422140334,PavIgnatiev
2570949905,Pearl_Perry_
748464969008680963,PeeOnHillary
2532495477,PelevkinT
2429199940,pelmenMSK
2753168800,Percy_Riddle
189659120,perespal
2732489957,PerkinsEsther_
3059776628,PetARobbie
1678942897,Peter_Downs_Up
750345924061368321,PeterKistner
4481868681,PeterMagLob
752832647911575552,peterschulz541
2530396947,PetrenkoM_
2787055434,Petrovanaimelce
2571578845,petrovsergg
2626350141,PeyHamm
1671235320,PeyRidley
1682444790,PeytonCashOut
888819176382623744,PeyytossTrt
2631219147,Phil_Mccormick
2620614029,PhiladelphiaON
2606848445,Philcasrto
2531727713,philfree_man
2505866955,PhilGrech
1673103307,Phillip_Chris10
1672223552,PhillipCarrr
1707900271,PhillyTheMonsta
2396566798,PhiloFail
1711273196,phoebelpalmer
2753211010,PhoenixDailyNew
2241608196,PhotoPhomin
2912754262,PigeonToday
2508854181,PikinBogdan
867712502360006662,PimenovMichael
888661907191853056,pipertrTr
865611922544009217,PirelliGina
3091331043,PiterKarasev
2560473171,PitmanStephen
2539644592,PittsEste
888421825969082368,PLAT0V
1679348316,PlsCallMeAbby
901182103806763008,pol_warrior
847019040010895361,poleukraina
3608261007,PoliceStateMe
3523088482,POLIGRAPHME
2951464703,polit_observer
2684938206,PoliteRussia
788715780129038336,PolitExpertNet
2717297455,politferma
2260338140,politics_t0day
2329889815,Politkach
2534367226,PolitOpros
2659015536,PolitVlast
2570631118,Politweecs
3091235901,polonskiyy
2519001345,poluhulk
2737531662,polyegolovy
2524942055,ponomarevSlav
2787135090,Popovalerverimu
1649152788,Porter_2type
1682416292,portmela
1682806412,power_4life
3090831869,pozitiffchikka
763742099439226880,pr_dobrodel
1533813962,PrettyLaraPlace
1654323186,prettysashah
131812518,Pribyshin
3084088366,PriceForPierce
2619724035,princesCarolin_
3064844535,ProjectLandy
2587697867,ProkofievKonst
1647237457,prosto_neprost
744429328453206017,publicmorozov
2404145297,Puddin_Leto
843336005482700801,PunnaYoandra
2620869737,pureDavie
2788024808,Putintsevacuvas
4643227214,qsmmuhamad
1688003786,QueennArielle
2584152521,queenofthewo
4481795175,quishabr
3074985410,Qusay_Faris
1657557685,RachDurant
888553545565392896,RachleesTrmT
3090847600,RadekeSofia
2262531464,RadSabRad
3089031507,RafeSayied
1685846058,Ragland_land
4479299717,rainbowkrn
2743977491,RaizelEgan
752838686748839936,ralfreimann8891
1620474397,RamonasNails
2481574734,ramVanwage
1523206722,Randall_Cooke
1699979024,RandolphBurrr
2625337042,rapedbyCosby
4439012596,RareKrista
2535526938,rashdmanan
2586339514,Raul_Ston
1914760610,ravenicholson
1690491338,RayeWhalen
2573830096,RayHarp8
844156201223045120,RayleenNeelam
867735356929581056,rayman_andy
2514979491,razvedchica_
3092508376,rba_ndr
2491511782,RBurno_
2540703788,ReachItDoIt
2575100200,realMartinDuffy
2579342751,RealRobert1987
900855837446504449,realTEN_GOP
2262193244,rebecca_rydeer
888597818126065666,rebeeslyss
2184900757,RebekahBENNET
4289431230,redlanews
1691736218,RegieBlackmon
2572270492,Regina_Gilmor
888643328325152768,reliisTrT
3056093533,renaldokyrou
846994025794195456,Respubliqu
2753478760,RexCostello
1662779209,RH0lbr00k
3052404092,rhodyrollin
2616883553,RhondaRaymond_
2788466299,Riabovguiguemul
2570574680,riafanru
2522577819,richard_russl
3090478180,RichardMalMal
80030327,Richirichi_big
3080829096,RichmondVoice
2540547266,richric_richard
1709789689,richrichrichhhh
721580789519900672,rief88380489
2584513894,Rif_Taylor
4311371968,rightnpr
3085057336,RikasBar
3092396734,rimamuhammad2
2233641673,RinatSabil
1667487494,riogithief
890420326164611072,RisstyTrt
3092321607,rita_chern0va
751062593440215040,RitaClopp
2583426838,RitterTra
1654382456,RivkaLange
1693147064,rlovenosause
18710816,RobbyDelaware
2178414978,robert_shander
1691000604,RobertEbonyKing
1500831656,RobertHughess
2732920781,Roberto_Cruzzz
1710780415,robertt_odd
2251553706,robgarner23
1648197181,robynrhode
2535474355,rockitjan
2576389379,rockthemicro
2742194301,RodolfoMarsh87
2245087412,rodya_bez
2542876557,RogovIlia
1647547494,RomaBulavin
2527804618,RomanAgafonovv
1924009272,RomanBaluhin
2533984805,romanGorolov
2786118426,Romanovageoprud
4868720571,romaromaroman15
2183382799,romashkaMSK
2674536153,RonaldAlllen
1622808421,ronick_kk
867036027264815107,RoofMic
2261179141,RoryChinatti
2625497896,Roscoe_Riddle
79546124,rose4walker
2603542234,rose_pagee
1680578719,RosieOnFleek
2530171162,rosist_N1
3081569278,RossHellYeah
867771402920775680,RossRichrds
853868178010714112,RostockBote
1651928071,RoyPreston1st
852479714275069953,rozhkovgen1
2586402439,RriRose
2753274783,Rrrebbecaa
4273329375,RuConstitution
2572896396,ruopentwit
2575544009,Rus_Anis
762948178178150400,RUS_IN_USA
2233929553,RuslanVaxidov
2512994207,rusnevrotik
2617655957,RussellGeason
2854581916,russia42tv
4871846171,RussiaIsBeauty
2578422308,russianallies
2512420407,russilanrogov
1711176656,RuthWright007
2605174750,ryan100_100ryan
2595073258,Ryan___Powell
1663262156,Ryan_Bet
1709244312,ryan_oswaldd
1691994529,RyanAmBishop
720725387198799877,ryanesweeney_e
2249106019,RyanIsDoyle
1868981054,RyanMaxwell_1
2493038024,RyannCooperwood
1694079499,RyManMurphy
854012703920328705,SaarlandBote
3936996801,sabirmuhmuh1
3088539520,SabSabriba
1708460000,sabudai100
2546631580,SadhanaPathak_
1620983264,SadieEatonn
2617960409,sadTownsend
3091616333,saifffouad
2535265298,salah_hafizz
3088962177,salih_ibrahimm
3937149442,salimsalimsabi1
2625017278,sam_abrams0
2581766129,samanthakliner
865628826960764929,samanthawow
2535843936,SamarKariim
1687589095,SamChatmannn
2259018198,sameady23
1672624255,SamirGooden
1692946999,sammydixxxon
2753338899,SanAntoTopNews
2180172182,Sandra_Colliins
2752993121,SandraEvns
2588968799,SandraOz_
2499325807,Sarah_ah30
1706349049,sarah_ander0
2533649886,Sarah_Giaco
1706566454,sarah_greygrey
3074117400,SarahThhhh
2507694404,Sarina_Berg
2533091075,SarinaBenton_
890223850952294400,Sarkazzzzzm
2543202335,Sasha_Berezhnoy
3123786375,sasha_petrenk
2433227806,SashaGreece
2589533085,SavageMary_
888641682929045504,Savajenat
2249137638,Savanna0rtiz
2656028435,SavannahBradle
1672148624,SavyHurt
852483213486325760,SazzonV
2543197534,SBelov_
2532713669,SBorisoglebsky
888599932483063808,ScarleesTruT
888811324146421760,ScarlettHowar15
4481603134,SchenkMichi
2424543484,SchmitzMendi
752791693381033984,schultei2
1945905086,scottawesome23
100345056,SCOTTGOHARD
2943515140,ScreamyMonkey
1674098827,ScttCrsn
3071901162,SeanRoy1984
2611151319,Seattle_Post
3110269121,secondson6969
884254468073717761,Secretreportt
2501760699,SemenAkrilov
2785496328,Semenovadextsap
3081244408,SemenovTosha
2457898054,semi_zoo
888817896142536706,sereesstT
2535720541,SerenitySanfor
2436577336,sergaksen
2568897527,Sergbriantsev
2575471053,Sergeev_Tolik
2432945781,sergey_027
2486811657,sergey__o
2424987743,SergeyAvdaev
864810634655019009,sergeykarlov58
2268230424,sergo_yarosh
2595252747,SergOdincov
2248162574,serhiodabest
2790764478,Serovtritpoebac
2398656635,SerSafronoff
2587299226,Seth_Ott
1708210225,SevaGrix
2528067063,SevaKocev
2579441473,sevas_inokent
2582642313,sewsang
2626206017,Sh_Hendricks_
2248265466,ShakhovOfficial
2495528653,shakurusuf
2727288981,ShanBarrr
1708249796,Shane2BMyName
1533271928,ShannonGibsonIm
1669548668,shannyzzzz
2571344730,shapka_mono
2787009522,Sharapovterctil
2626106764,SharonWhte
1680623360,ShaylaGarrettt
2601127348,Sheena_ott
1690873470,Sheena_ring
1664929878,Sheila_Shh
2748596428,shelbylovepick1
1666188686,Sherman_Cn
1690388052,SherMueller
1647267829,ShieldsClint
2575626468,ShikarnoeL
2790139832,Shilovasanctimi
1405742114,shlyhagorodov
2544279414,Shocko_10
2535154541,ShonaGarrettMNT
2441420272,shopper569
2585590883,ShrlThmas
3069727016,ShumitzuYolo
2260102039,shurik_nesterov
1670318690,Siccerthanyou
2532787668,Sidney_Riv
2544403166,SienaWerner
1713669890,SiennaSMM
865573038305140736,silent_jenna
2535272735,simp_dirk
1655288160,SincerePruitt
2533288830,SindyBlossom
2256210373,sinigopajuby
249538861,skatewake1994
888664457336979457,skyylasrrT
2534181389,Slavabulatov
2542914887,slavaseroff
2417053487,slavaZapolsky
852453695258230784,SlavMiroslav
2496690432,SlavNikonov
2405761623,SlavoSLov
1652480412,SM_Downey
2789910858,Smirnovaclasbil
2512942521,SmolnyVasiliy
2587778477,soad41
2535636293,Sobolev_Deniss
2544749009,sofia_macey
2787264446,Sokolovadiafluc
2787287060,Sokolovaligiden
847047377194233856,Sokolqok
2535231726,Solano_Ki
1663083740,Soler_Mch
752859805937766400,SonderKatharina
2630890756,Sonya_Lehman
2536167145,SophieKole
2753622916,SophyNelson
3071525191,SoSeanBeard
867755368109285376,SosnovskyAnna
1681631395,Sound4Boyz
4355797094,SouthLoneStar
4224912857,southlonestar2
2538941639,sovasof
2563274242,SovetnikStatski
2496049669,SpaceDept
2499238554,SPalpalpal
867828862046031873,SparksDans
503609280,SpasiboVVP
2572767074,SPbSport
762379811188776960,speakoroff405
2951556370,SpecialAffair
2424991199,SpencerNevada
703678111825707008,spending_gov
2728389447,Spenser_Dan
3070649239,SpuntMelody
79932154,sqaxwer
2540960407,srahSE
2494754906,SrhAndrson
1880889752,SSabrinaHuh
2499532070,ssus_panther
1694456550,StaceWaters_
2195828024,staceyheather45
2540758755,Stanley_Cox_
1656562842,Stanley_Spivey
1685771767,StanleyParris
816262322603851776,StarkKonsti
889757567840378881,stascyTr
1651692980,staywoke88
2575090690,ste_veve
888806757186895874,steerlyss
2583820719,stepa_hard
2527983201,StepanSazono
852484352629977088,StepaSobolev
867718765265301504,StepEfimov
80756019,StephanieCCoper
4394060603,StephanieTheJaD
2588665534,StephenBag
2574896997,StephenShirley_
1727874686,StepStep_hen
750367533660774406,sternandreas404
891135718881415168,sterrsam
1647215666,Steve_Nelson_
3074563039,StLouisOnline
816267105658171392,sto_christi
752781981684039680,StolzKristina
495178226,stopigra10
865264757259071488,stratplanru
2498258563,StrictGrace
2582408562,strokiNovi
2436501112,StsPerov
852539941171101696,stuttgart_bote
2539169716,StvBailey
4439058736,StWagnerAriana
2588025072,suicEnchantress
2211936326,sumhorn
1651427328,SummerHandy
2535043420,SummersBrit
2536053350,SunSanB
2570293012,supportruth
2255882239,supunaxyvos
1647271440,SusanM321
1648125182,SusanPeterson_
1527133837,SusaYung
2572663079,susiee_nol
752790432917098496,susubergerr
2431621029,SuzanWhitt
2507032596,sweeeetytweeety
2560389533,SweetAlexWest
2542980226,SweetHiggins
1707698713,sweetjamlynn
2495626470,sweetkerry54
2603500577,Sylvia_Flet
866313822168068096,Sylvie1Freeman
836566697167368192,sylvielefevrier
1522990195,T0ny_0brien
1675201320,T0nyaCrawford
1700472919,T0nyaSinclair
3092358291,TagirHasavi
2501947239,TaisiaAvdeeva
2570941468,Taisiya_C
1611772874,TakeMeUpTheHill
2588748909,Talanica
2603207518,TamaFlan
2571814762,TamaraLotan
1651155716,Tan_Bray
2586305581,TanyaGriv
3092378085,tanzilsaid
1534083420,taraformation
2577215783,TaraLocke_
3121083293,taran_andreyy
2576890595,TarasVavilov
1669728344,Taylor_Parksy
888644671370665987,TayyssTruT
2525622731,TebePizdec
4171099167,TedChockholder
1657918692,tedsanderss
2732459770,TeHesss
2630931515,TehilaPowell
2429130849,tema_artema_
2401558456,tema_Korsakov
4224729994,TEN_GOP
2580496265,Teodor_FM_
2535882608,Teresa_Boy_le
2582199208,TerrellBrnrd
1657916378,TerriIsTooGood
2535102889,TerryBever_ly
3072449023,TesssFinn
1660183028,TessyElmore
2415525154,teZaharov
888604134575931392,thaasliTT
2560887490,theBentheBen2
4508630900,TheFoundingSon
1624184988,TheGrandTaylor
2618328526,ThelmaKatz
890414848776876032,thelmmisb
2484896672,themanmachine17
2591953858,TheoSinger_
2184946609,theovyazgin
2595948328,theperfectrose_
2827585146,Theplastic_age
832571857870127106,TheTimesOfLondn
920982272781766656,thisis_4totakoe
1647662118,thisiskate
752836551269347328,thomas_gerster
2213283312,ThomasCapMorgan
2238821798,ThomasCochill
2433057227,ThomasOOConnor
2243639683,thooooomson
870977757760638976,ThueringenBote
2254778414,Ti_Mironov
2527977731,TimBelozertcev
2421947483,TimBorvicky
2594878912,TimCat_12
4234262356,timecodespb
832579308392693761,TimesOfParis
2246058966,timford89
1961396510,Tina_Becker777
2601846243,tinagordon_
752881760510287872,TinaTkurtz1222
2903660680,tipaMutko
1654392103,TJDukestw
2742708514,TNJBLTN
2623851795,tobyjrdn
2591847731,TodayBostonMA
2577082467,TodayCincinnati
890944315396149250,todaycleveland
3899481526,todayinsyria
2944944427,TodayMiami
2752677905,TodayNYCity
2601235821,TodayPittsburgh
2457304179,tolko_anatolko
1658302920,TolliverSteph
2524930514,tomas_dane
2595770519,tomjackson90
1730484031,TommyWattsSs
2571997365,toneporter
2524963563,toniPrie
2422323065,Tony_Adamss
1654693410,tony_may_
3083917149,TonyLynnnnn
2744175351,tory_murray
814006572,tovanovpetr1
3990577513,tpartynews
2531159968,traceyhappymom
2743826489,TracieDon_
2255320398,TravelGirla
1658440730,TravisRespek
4859142199,TrayneshaCole
2316017272,Trebitova
731456806082498560,TribunaOnline24
888666892172496897,Trinittxs
847012200686477312,TroskoAlex
2514736499,trueluve4ever
869497773804191747,TrueNavalny
753011150015586305,trueneutral0
2496089148,TrusBalbes
2572531545,TrytofinditOut
1693011457,tt__norton
2504601561,TtlenLen
749990330267758593,TTsvetkov
3110304322,twnaidenysh
2592486519,ty_macey
2560634650,Tyler_Goodboy
1647485210,tyler_ralphss
1677033234,TylerBuckBuck
4737049515,TypicalMurica
2541224970,TyreeKol45
843751991268532225,TzeniWuraola
882341025120964608,UkrFakeVid
2501463363,Uliabelushiva
3937064422,umarkhaled05
2577166562,UnikornPopcorn
750653304821211136,ursula_heim
4332740714,USA_Gunslinger
2786612887,Utrobinacaeserr
2402709543,V_Bakulin
2426094778,V_Danchicov
2440264169,V_vasilevna
4217041408,VA_blacknews
765126090645995521,VainoRussia
2420290961,valekemn
2513385202,ValentinYakush
1941382566,ValeraBay
2746027810,ValeriaHarbinso
2419886435,Valeyina_Dm
2426219927,vallaroFeb
2539183245,VanessaAhumadan
1687851900,VannyGreer
3083625784,VanWhitebirchn
2582914453,VarginSlava
1705506013,Varvara_Kabanov
2208544764,varvara_kop
2177590968,varvpopowa
2508516869,varyagkreyser
1714012423,Vas_mordvin
2528245959,VasilichVasili
1926665941,VasyaDobriy
2398704154,VatKisa
2315950683,Vatnitsa
2243283066,vengerovaa
890541492380590080,verosanrrt
837618164837933057,verrellportier
870629611876569089,VestiMinsk
802144304537931777,VestiZakharova
889449147773980672,vestnikklnngrd
888457914779934721,vestnikptrzvdsk
2516986349,ViachikZuev
889759915488808961,viadsntR
2525032463,ViBorisova
4447605376,vickiebarbar
1654929168,VickyLovelyG
1524977030,vickyroooy
2535280893,victor_samsonof
868107923083464705,victoriamax45
1656536544,VictoriaMaximus
888856719216041984,victorrrisT
2186650831,vika_bere
1004299140,vikaivanovasa
2540876945,VikaZotovaa
2261846245,Viktor_Lavren
2530866856,vikus1992
2586524019,VinRiggs
843534468996644864,VinzeYuss
888776765535113216,violaastRt
2589733624,ViolaPus
1707207540,virendra_coffin
2572198636,VirgilM671
3056326393,VirgilSsmith
2525394197,VitaEgorov
2588966299,VitalijBasixin
838749515293343746,VittoreGuidi
1647824072,VityaGrushin
2575341695,Vivianvivivi_
2567534043,vlad0alekseev
2481307055,Vladalvanova
2396059331,VladEvlanin
2531537750,VladGurovv
2514715007,vladimir_cmirno
2258905670,VladimirVorono
2418046325,Vladislav_1986
2233665668,Vladislav_Pom
2253415562,vlasov_ya_
2568469113,Vld_Am
2496915169,VodniiKrasnov
771805760,Voltstern
2415374033,Vorobuchek_
2570206341,Voron_Mih
2528562706,Vorovskyy
852474211838955520,vovamerkush
2497812706,VovanAbramkin
2514349673,vvarlamovv
3073313611,wadahmuzaffar
1665477576,WadeBintou
2491081213,wadeharriot
2582386091,wall_e_valerie
1649992644,Walter_Hey
1711079060,WaniyyaM
2484642526,WarfareWW
2743327187,WashingtOnline
1688370956,WatchMeWalkin
866599834052161537,WatsonTaytay
2753195573,Wayne_Drake_
713335404649398272,wazeme_zina
1700955402,weconquerworld
2283230810,WendyMc_Donald
4500549435,wernerboch
1649144358,WesternWindWes
4888918438,WeWantFreedomNY
866320596409470979,whatsupppadams
731123255457816577,WhiteHouseCards
2527841957,whoareyou765
2571167788,whoareyourich
1707146119,whocares423
780391189472223233,whoiswho_org
2616678797,Wil_Cook_
79948566,Wild_James2000
2259705823,wildhannah_
2580145192,wildharee
2574957725,william_thoma
2589887782,Williamack33
703291385861033984,Williams8kalvin
703303258476036096,Williams_Diana_
1908224875,Willie_BigN
1685647765,WillieTheLion
1680366068,WillisBonnerr
3604232533,WillJohnYOLO
2533076005,WilllliBrown
2730234869,WllDelaney
2570800294,WmadisonW
1678552327,WokeFromDay1
1651108392,WonderHann
789266125485998080,WorldnewsPoli
3438999494,WorldOfHashtags
2639355194,WoW_ThunderWind
890231867651354624,Wwornpath
2496207002,xifosypih
2485376773,xoxyzijezucy
2723899679,xseili
2255554830,ya_yarik_
1649759431,YaelTrouble
2250561409,yah_maLina
3007237911,yalansky_d
2260577972,YaroslavVeliky
2992047969,YatTVRussia
1708356907,Yes51r
2417720181,Yllia0
1513801268,YouJustCtrlC
2604315977,YouMead
1947775470,Yura_Anicimov
916311120557813760,YuryKuznetsov65
3092686516,YusufRashiid
2259725929,zackgreenberg90
3103708013,zaharosahar
2536268900,zakialqadir
2787447668,Zakirovcehusese
1648078074,ZaytcevY
2569237756,ZazhilMikhail
1624870368,zelinabowman
1853237414,ZendayaFoley
2528209817,ZenDmitrov
1642939963,Zhi_Yue_
2200767720,ZimnikovaVenera
2469070198,Zinovchi
2578879620,Zistti
2389188299,zloykurs
888639260592656384,zoesTiler
888866087542157312,zoeykinsssTr
2790172387,Zolotukhinalemu
2429162691,Zotova_uno
2589513234,zubovnik
2233197770,zuqyxulyxap
2433692127,zvezdnii_voin
751071520726941696,zweig_maria
2533703330,ZzaraCross
1701955429,ZzzacharyZzz